{
  "SIGN_IN": "साइन इन करें",
  "WELCOME_BACK": "नमस्कार, हमारे अपने खाते में वापस स्वागत है!",
  "MY_LEARNING": "मेरी सीख",
  "MY_COURSES": "मेरी पाठ्यक्रम",
  "ACCESS_ALL_TRAINING_COURSES": "यहां अपने सभी प्रशिक्षण पाठ्यक्रमों तक पहुंचें",
  "MY_VIDEOS": "मेरे वीडियो",
  "EXPLORE_ALL_COURSES": "सभी पाठ्यक्रमों का अन्वेषण करें",
  "SHOW_MORE": "और दिखाओ",
  "COURSES": "पाठ्यक्रम",
  "PROGRESS": "प्रगति",
  "DURATION": "अवधि",
  "DUE_DATE": "अंतिम तिथी",
  "SOURCE": "स्रोत",
  "TAKEN_BY": "द्वारा उठाए गए",
  "LEARNING_NOT_FOUND": "सीखना नहीं मिला",
  "ONGOING": "चल रहे",
  "ASSIGNED": "सौंपा गया",
  "COMPLETED": "पूरा हुआ",
  "ALL_COURSES": "सभी पाठ्यक्रम",
  "ALL_ONGOING_COURSES": "सभी चल रहे पाठ्यक्रम",
  "ALL_ASSIGNED_COURSES": "सभी सौंपा गया पाठ्यक्रम",
  "ALL_COMPLETED_COURSES": "सभी पूर्ण पाठ्यक्रम",
  "SEE_ALL_COURSES": "सभी पाठ्यक्रम यहां देखें",
  "SEE_ALL_ONGOING_COURSES": "सभी चल रहे पाठ्यक्रम यहां देखें",
  "SEE_ALL_ASSIGNED_COURSES": "सभी असाइन किए गए पाठ्यक्रम यहां देखें",
  "SEE_ALL_COMPLETED_COURSES": "सभी पूर्ण किए गए पाठ्यक्रम यहां देखें",
  "ALL_VIDEOS": "सभी वीडियो",
  "ALL_ONGOING_VIDEOS": "सभी चल रहे वीडियो",
  "ALL_ASSIGNED_VIDEOS": "सभी सौंपा गया वीडियो",
  "ALL_COMPLETED_VIDEOS": "सभी पूर्ण वीडियो",
  "SEE_ALL_VIDEOS": "सभी वीडियो यहां देखें",
  "SEE_ALL_ONGOING_VIDEOS": "सभी चल रहे वीडियो यहां देखें",
  "SEE_ALL_ASSIGNED_VIDEOS": "सभी असाइन किए गए वीडियो यहां देखें",
  "SEE_ALL_COMPLETED_VIDEOS": "सभी पूर्ण किए गए वीडियो यहां देखें",
  "SORT": "क्रम से लगाना",
  "FILTER": "फ़िल्टर",
  "RESET_FILTER": "फ़िल्टर रीसेट करें",
  "COLLAPSE": "गिर जाना",
  "TEACHERS_LIKE_THIS": "यह शिक्षक पसंद",
  "COMMENTS": "टिप्पणियाँ",
  "ENTER_TITLE_HINT": "शीर्षक संकेत दर्ज करें",
  "TYPE_TO_START_SEARCHING_LEARNING": "सीखना शुरू करने के लिए टाइप करें"
}
