{
  "SIGN_IN": "Sign in",
  "WELCOME_BACK": "Hello, welcome back to our your account !",
  "WELCOME": "Welcome!",
  "LOGIN": "Login",
  "USERNAME": "Username",
  "PASSWORD": "Password",
  "MY_LEARNING": "My Learning",
  "MY_COURSES": "My Courses",
  "ACCESS_ALL_TRAINING_COURSES": "Access all your training courses here",
  "MY_VIDEOS": "My Videos",
  "EXPLORE_ALL_COURSES": "Explore all courses",
  "SHOW_MORE": "Show More",
  "COURSES": "Courses",
  "PROGRESS": "Progress",
  "DURATION": "Duration",
  "DUE_DATE": "Due Date",
  "SOURCE": "Source",
  "TAKEN_BY": "Taken by",
  "LEARNING_NOT_FOUND": "Learning not found",
  "ONGOING": "Ongoing",
  "ASSIGNED": "Assigned",
  "COMPLETED": "Completed",
  "ALL_COURSES": "All Courses",
  "ALL_ONGOING_COURSES": "All Ongoing Courses",
  "ALL_ASSIGNED_COURSES": "All Assigned Courses",
  "ALL_COMPLETED_COURSES": "All Completed Courses",
  "SEE_ALL_COURSES": "See all courses here",
  "SEE_ALL_ONGOING_COURSES": "See all ongoing courses here",
  "SEE_ALL_ASSIGNED_COURSES": "See all assigned courses here",
  "SEE_ALL_COMPLETED_COURSES": "See all completed courses here",
  "ALL_VIDEOS": "All Videos",
  "ALL_ONGOING_VIDEOS": "All Ongoing Videos",
  "ALL_ASSIGNED_VIDEOS": "All Assigned Videos",
  "ALL_COMPLETED_VIDEOS": "All Completed Videos",
  "SEE_ALL_VIDEOS": "See all videos here",
  "SEE_ALL_ONGOING_VIDEOS": "See all ongoing videos here",
  "SEE_ALL_ASSIGNED_VIDEOS": "See all assigned videos here",
  "SEE_ALL_COMPLETED_VIDEOS": "See all completed videos here",
  "SORT": "Sort",
  "FILTER": "Filter",
  "RESET_FILTER": "Reset Filter",
  "COLLAPSE": "Collapse",
  "SEE_COURSE_CONTENTS": "See course contents",
  "TEACHERS_LIKE_THIS": "Teachers like this",
  "COMMENTS": "comments",
  "LESSON_NOT_FOUND": "Lesson not found",
  "ENTER_TITLE_HINT": "Enter title hint",
  "TYPE_TO_START_SEARCHING_LEARNING": "Type to start searching learning",
  "ENTER_COMMENT": "Enter comment",
  "WRITE_COMMENT": "Write a comment"
}
